1)

select count(distinct(id)) tot_students
from takes
where course_id in (select course_id 
from teaches
where id=10101);

TOT_STUDENTS
6
1 rows selected.

2)

select name,salary
from instructor
where salary>some(select salary
from instructor
where dept_name='Biology');

NAME	SALARY
Einstein 95000
Brandt	92000
Wu	90000
Gold	87000
Kim	80000
Singh	80000
Katz	75000
7 rows selected.

3)

select max(ave) max_average
from (select dept_name,avg(salary) as ave
from instructor
group by dept_name)

MAX_AVERAGE
91000
1 rows selected.

4)

select course_id
from teaches
where semester='Fall' and year=2009 and
course_id in (select course_id
from teaches
where semester='Spring' and year=2010);

COURSE_ID
CS-101
1 rows returned


5)
select course_id
from teaches
where semester='Fall' and year=2009 and
course_id not in (select course_id
from teaches
where semester='Spring' and year=2010);

COURSE_ID
CS-347
PHY-101
2 rows returned

6)

select course_id
from teaches t
where semester='Fall' and year=2009 and
exists(select course_id
from teaches s
where s.course_id=t.course_id and semester='Spring' and year=2010);


COURSE_ID
CS-101
1 rows returned

7)

select name
from student s
where exists(select name
from takes t
where s.id=t.id and course_id like 'BIO%');


NAME
Tanaka

8)

select course_id 
from (select count(course_id) c,course_id 
from section
where year=2009 
group by course_id) t
where c<=1;

COURSE_ID
BIO-101
CS-101
CS-347
EE-181
PHY-101
5 rows returned

9)

select course_id 
from (select count(course_id) c,course_id 
from section
where year=2009 
group by course_id) t
where c>=2;

COURSE_ID
CS-190
1 rows returned.

10)

select dept_name,ave average
from (select dept_name,avg(salary) as ave
from instructor
group by dept_name)
where ave>42000;

DEPT_NAME	AVERAGE
Elec. Eng.	80000
Physics		91000
Comp. Sci.	77333.3333333333333333333333333333333333
Finance		85000
Biology		72000
History		61000


11)

select dept_name,budget
from department
where budget in (select max(budget)
from department);


DEPT_NAME	BUDGET
Finance		120000

12)


